<?xml version="1.0" encoding="utf-8" ?>
<Patch>
	<Operation Class="PatchOperationSequence">
		<operations>
			<li Class="PatchOperationFindMod">
				<mods><li>Sparkling Worlds Addon - Blue Moon Corp [1.0] - Standalone Addon</li></mods>
			<match Class="PatchOperationSequence">
			<operations>
			
			<li Class="PatchOperationAddModExtension">
				<xpath>Defs/PawnKindDef[
					defName="SniperBlueSunSW" or 
					defName="HeavyWeaponsBlueSunSW" or
					defName="SoldierBlueSunSW" or
					defName="BlueSunBossSW" or
					defName="SoldierEliteBlueSunSW"
					]</xpath>
				<value>
					<li Class="CombatExtended.LoadoutPropertiesExtension">	
						<primaryMagazineCount>
							<min>4</min>
							<max>6</max>
						</primaryMagazineCount>
						<sidearms>
							<li>
								<generateChance>1</generateChance>
								<sidearmMoney>
									<min>140</min>
									<max>500</max>
								</sidearmMoney>
								<weaponTags>
									<li>CE_Sidearm_Melee</li>
								</weaponTags>
							</li>
						</sidearms>
					</li>
				</value>
			</li>
			
			<li Class="PatchOperationAddModExtension">
				<xpath>Defs/PawnKindDef[
					defName="GrenadierBlueSunSW" or 
					defName="EMPGrenadierBlueSunSW"
					]</xpath>
				<value>
					<li Class="CombatExtended.LoadoutPropertiesExtension">	
						<primaryMagazineCount>
							<min>8</min>
							<max>20</max>
						</primaryMagazineCount>
						<sidearms>
							<li>
								<generateChance>1</generateChance>
								<sidearmMoney>
									<min>140</min>
									<max>500</max>
								</sidearmMoney>
								<weaponTags>
									<li>CE_Sidearm_Melee</li>
								</weaponTags>
							</li>
						</sidearms>
						<shieldMoney>
							<min>200</min>
							<max>600</max>
						</shieldMoney>
						<shieldTags>
							<li>OutlanderShield</li>
						</shieldTags>
						<shieldChance>0.5</shieldChance>
					</li>
				</value>
			</li>
			
			<li Class="PatchOperationAdd">
				<xpath>Defs/PawnKindDef[
					defName="SniperBlueSunSW" or 
					defName="HeavyWeaponsBlueSunSW" or
					defName="SoldierBlueSunSW" or
					defName="BlueSunBossSW" or
					defName="SoldierEliteBlueSunSW"
					]/apparelTags</xpath>
				<value>
					<li>Loadbearing</li>
				</value>
			</li>
			
			</operations>
			</match>
			</li>
			
		</operations>
		
		
	</Operation>
</Patch>