﻿<?xml version="1.0" encoding="utf-8" ?>
<Defs>

  <ThingDef ParentName="MSI_ResourceBase" Name="MSI_BlocksBase" Abstract="True">
	<graphicData>
      <texPath>Things/Items/MSI_blocks</texPath>
      <graphicClass>Graphic_Single</graphicClass>
	</graphicData>  
    <soundInteract>Stone_Drop</soundInteract>
    <soundDrop>Stone_Drop</soundDrop>
    <useHitPoints>false</useHitPoints>
    <tradeability>Buyable</tradeability>
    <statBases>
      <Mass>1</Mass>
	    <MaxHitPoints>100</MaxHitPoints>
      <MarketValue>0.9</MarketValue>
      <SharpDamageMultiplier>0.5</SharpDamageMultiplier>
      <BluntDamageMultiplier>0.9</BluntDamageMultiplier>
	    <Beauty>-2</Beauty>
      <ConstructionSpeedFactor>0.8</ConstructionSpeedFactor>
	  </statBases>
    <thingCategories>
      <li>StoneBlocks</li>
    </thingCategories>
    <stuffProps>
      <categories>
        <li>Stony</li>
      </categories>
      <commonality>0.02</commonality> <!-- because there are so many stoner types -->
      <appearance>Bricks</appearance>
      <statOffsets>
        <WorkToBuild>140</WorkToBuild>
      </statOffsets>
      <statFactors>
		    <MarketValue>0.4</MarketValue>
        <Mass>1</Mass>
        <MaxHitPoints>0.8</MaxHitPoints>
        <Flammability>0</Flammability>
        <WorkToBuild>5.0</WorkToBuild>
		    <WorkToMake>1.1</WorkToMake>
        <DoorOpenSpeed>1.00</DoorOpenSpeed>
        <BedRestEffectiveness>1.0</BedRestEffectiveness>
        <MeleeWeapon_CooldownMultiplier>1.25</MeleeWeapon_CooldownMultiplier>
      </statFactors>
    </stuffProps>
  </ThingDef>

	<!--========== Hempcrete ==========-->
  
  <ThingDef ParentName="MSI_BlocksBase">
    <defName>BlocksHempcrete</defName>
    <label>hempcrete blocks</label>
    <description>Blocks made of a hemp composite. Hempcrete is not flammable, but it's not very strong either.</description>
    <stuffProps>
	  <color>(138,139,108)</color>
      <soundImpactStuff>BulletImpact_Ground</soundImpactStuff>
      <soundMeleeHitSharp>MeleeHit_Stone</soundMeleeHitSharp>
      <soundMeleeHitBlunt>MeleeHit_Stone</soundMeleeHitBlunt>
      <stuffAdjective>hempcrete</stuffAdjective>
    </stuffProps>
		<researchPrerequisites>
			<li>SmokeleafProcessing</li>
		</researchPrerequisites>
  </ThingDef>

</Defs>